id,address,email,first_name,gender,last_name,phone,picture,post_code,registered_date,username
124371f3-9d37-48c6-b839-e681b53d6ebf,"5387 The Crescent, Brighton and Hove, Fife, United Kingdom",jennifer.howard@example.com,Jennifer,female,Howard,016977 12566,https://randomuser.me/api/portraits/med/women/71.jpg,CQ00 6SG,2011-09-12T10:25:23.034Z,purplezebra577
bc889e44-7aea-461b-a6e5-7542f4be18a9,"3989 Elgin St, Vanier, British Columbia, Canada",florence.smith@example.com,Florence,female,Smith,U93 K93-6406,https://randomuser.me/api/portraits/med/women/0.jpg,K6E 8P8,2018-07-01T11:00:01.274Z,organicrabbit557
5dbb2f0d-cbe3-43c3-bf83-01592ac50d9c,"907 New Street, Manchester, Dumfries and Galloway, United Kingdom",matt.hudson@example.com,Matt,male,Hudson,013873 89524,https://randomuser.me/api/portraits/med/men/82.jpg,KF5V 7NB,2019-07-23T10:41:49.443Z,happyelephant199
2783a35c-a9c8-4859-80f3-4760d05dc1ab,"9581 Alard van Herpenplein, Losser, Drenthe, Netherlands",coco.vanhuisstede@example.com,Coco,female,Van Huisstede,(031) 0102552,https://randomuser.me/api/portraits/med/women/20.jpg,4010 SE,2010-05-11T04:16:48.332Z,yellowdog775
dec1e096-cd7a-4472-b12b-3507af9b5c06,"1466 Alfred St, Sandy Lake, Newfoundland and Labrador, Canada",jasmine.li@example.com,Jasmine,female,Li,O70 H57-1026,https://randomuser.me/api/portraits/med/women/70.jpg,J5F 2C9,2008-10-06T06:52:51.159Z,tinypeacock822
727bdca0-8434-4a3a-b395-ad8f23b0c871,"55 Pine Rd, Delta, Ontario, Canada",daniel.liu@example.com,Daniel,male,Liu,S24 U28-2681,https://randomuser.me/api/portraits/med/men/90.jpg,S2E 6D8,2010-11-10T02:52:48.623Z,silverostrich795
b3d5b4ab-6a4e-4ebc-9757-a49c024b0d7f,"2022 Nandrups vei, Tofte, Rogaland, Norway",linde.hagerup@example.com,Linde,female,Hagerup,57643983,https://randomuser.me/api/portraits/med/women/38.jpg,4326,2006-09-19T21:50:22.747Z,greensnake271
ec527b1a-5ec4-4b37-ab6c-52f42bb43288,"8374 Breedkapper, Beilen, Overijssel, Netherlands",harmke.hemmes@example.com,Harmke,female,Hemmes,(0938) 081664,https://randomuser.me/api/portraits/med/women/76.jpg,7887 DF,2005-11-05T10:47:38.708Z,goldenfish894
dff7ddc0-a695-4821-a734-ebba1fcc2a2b,"4179 Barrahusterdyk, Midwoud, Overijssel, Netherlands",anna-marie.peperkamp@example.com,Anna-Marie,female,Peperkamp,(070) 1722648,https://randomuser.me/api/portraits/med/women/33.jpg,9707 CP,2021-09-09T13:42:45.459Z,whitekoala913
8302200e-ca2b-439a-9ff2-f574f111e255,"3385 Church Lane, Lichfield, Wiltshire, United Kingdom",peter.mills@example.com,Peter,male,Mills,015396 64457,https://randomuser.me/api/portraits/med/men/14.jpg,AL6 9HH,2010-07-25T18:00:56.449Z,blueleopard867
9d87f757-6e5e-41b5-aee2-618ab953fcda,"5117 Balmoral St, Port Elgin, New Brunswick, Canada",anthony.jean-baptiste@example.com,Anthony,male,Jean-Baptiste,U38 D86-8746,https://randomuser.me/api/portraits/med/men/88.jpg,D4J 8Y7,2004-08-23T01:46:38.908Z,smallbird860
333c8dc9-7ced-42d3-a007-97ea885531c1,"3530 Main Street, Chester, Strathclyde, United Kingdom",abigail.russell@example.com,Abigail,female,Russell,015395 70202,https://randomuser.me/api/portraits/med/women/49.jpg,I1N 0BE,2021-01-12T12:20:52.306Z,purplepanda729
c6c802e7-9969-4402-aee2-af0744f167e1,"5666 Alfred St, Brockton, Alberta, Canada",chloe.ma@example.com,Chloe,female,Ma,D12 Q12-5005,https://randomuser.me/api/portraits/med/women/57.jpg,U4Y 0Y6,2018-10-12T15:15:34.811Z,beautifullion172
617153d5-f2c4-420c-923c-3997907c1c1d,"3 Victoria Ave, Chesterville, Prince Edward Island, Canada",gabriel.smith@example.com,Gabriel,male,Smith,H33 N48-8111,https://randomuser.me/api/portraits/med/men/94.jpg,N4L 0A6,2019-09-20T07:53:09.247Z,happyladybug923
6cef79ec-ec1e-409f-9467-2f820bdc717d,"3390 Parliament St, Waterloo, Prince Edward Island, Canada",amelia.ross@example.com,Amelia,female,Ross,R36 Y30-3285,https://randomuser.me/api/portraits/med/women/11.jpg,Q1V 8G9,2016-10-21T06:28:19.361Z,yellowgorilla216
b051ae8e-42a1-4a3d-b240-6d3c386b0e47,"2218 Friesmastate, Ee, Flevoland, Netherlands",abdurrahman.trines@example.com,Abdurrahman,male,Trines,(0048) 131570,https://randomuser.me/api/portraits/med/men/89.jpg,4949 KT,2012-07-16T03:06:36.532Z,organicduck959
e5ae1014-2c3f-4574-8231-1ffd00f9b97b,"5101 Fossemastraat, Nieuwstadt, Noord-Holland, Netherlands",mark.denis@example.com,Mark,male,Denis,(000) 6113029,https://randomuser.me/api/portraits/med/men/96.jpg,1546 JD,2014-05-01T13:17:49.636Z,tinygoose817
e3e1dc12-a748-4ad3-bf3a-ef0e14dfbbde,"4413 Park Avenue, Bath, Bedfordshire, United Kingdom",diane.bell@example.com,Diane,female,Bell,016977 9974,https://randomuser.me/api/portraits/med/women/8.jpg,EC38 2WN,2019-10-03T06:46:41.629Z,bigbutterfly847
adfb6736-91fd-4676-a2f6-ed1f44f47f52,"3738 Gisles vei, Aurdal, Nord-Trøndelag, Norway",benedicte.hol@example.com,Benedicte,female,Hol,30845772,https://randomuser.me/api/portraits/med/women/8.jpg,2487,2006-05-04T15:24:32.414Z,lazypeacock324
07d4a185-b089-4771-b559-a0de902c7323,"6620 Park Avenue, Birmingham, Cumbria, United Kingdom",christian.palmer@example.com,Christian,male,Palmer,015396 22616,https://randomuser.me/api/portraits/med/men/45.jpg,Y6 4TU,2018-08-07T06:53:55.872Z,lazyleopard139
76f40022-1370-498d-9b38-f60570ed0f64,"439 South Street, Lisburn, County Tyrone, United Kingdom",jay.gray@example.com,Jay,male,Gray,015396 00499,https://randomuser.me/api/portraits/med/men/57.jpg,M8 2TN,2015-07-27T18:57:38.083Z,brownbird523
bc5d4fa8-360c-45e3-8d5c-629809ac65a2,"1097 Richmond Ave, Wellington, Nova Scotia, Canada",xavier.ma@example.com,Xavier,male,Ma,Q25 Q88-4047,https://randomuser.me/api/portraits/med/men/33.jpg,X3M 8L6,2010-05-28T06:42:07.802Z,heavysnake973
641ddb93-2203-4c92-a29a-a8c9d5c7b023,"1099 The Drive, Preston, Buckinghamshire, United Kingdom",brandon.barnett@example.com,Brandon,male,Barnett,016977 7848,https://randomuser.me/api/portraits/med/men/57.jpg,EV9 4AP,2007-02-26T22:40:51.968Z,crazymouse253
f7507276-f6ea-4c05-b7b5-d16c304d8b70,"3607 Concession Road 23, Sutton, Ontario, Canada",lucas.novak@example.com,Lucas,male,Novak,K46 G01-9607,https://randomuser.me/api/portraits/med/men/81.jpg,E5B 7S5,2017-12-05T13:51:20.681Z,bigbutterfly874
ba55e6ea-19d6-4e36-837c-aa3744c2c83d,"8143 Albert Nordengens plass, Skjeggestadåsen, Bergen, Norway",kira.mandelid@example.com,Kira,female,Mandelid,82003239,https://randomuser.me/api/portraits/med/women/19.jpg,1201,2019-01-24T10:16:29.558Z,orangeduck824
cd74539b-e42c-48f1-91c1-71b0522a697f,"8652 New Street, Portsmouth, Greater Manchester, United Kingdom",kevin.lee@example.com,Kevin,male,Lee,0119707 114 6986,https://randomuser.me/api/portraits/med/men/34.jpg,R9 7NB,2006-08-25T21:49:52.023Z,tinytiger730
7cba324b-e6c1-4962-8c7b-acc8ee28fcf8,"6275 Main Road, Plymouth, Grampian, United Kingdom",walter.medina@example.com,Walter,male,Medina,0112740 242 9428,https://randomuser.me/api/portraits/med/men/83.jpg,VQ3 5QB,2002-09-19T15:10:45.125Z,crazywolf691
0e6a58c7-f8ef-4a80-8116-eb7ab05b49a8,"6510 Marsveien, Voll, Trøndelag, Norway",maja.nordheim@example.com,Maja,female,Nordheim,89387052,https://randomuser.me/api/portraits/med/women/35.jpg,6530,2015-07-16T14:32:57.500Z,yellowdog520
fcd11485-1b32-425c-aec1-04a5e6d4aaf0,"232 Hans Aanruds vei, Vanvikan, Vestfold, Norway",lycke.horgen@example.com,Lycke,female,Horgen,35144846,https://randomuser.me/api/portraits/med/women/7.jpg,8198,2008-12-04T19:12:01.685Z,yellowwolf340
030716ce-24e0-41aa-b6ec-e28c99d76587,"1021 Victoria Street, St Albans, Shropshire, United Kingdom",ellie.schmidt@example.com,Ellie,female,Schmidt,015396 01833,https://randomuser.me/api/portraits/med/women/67.jpg,JW3Y 1LJ,2019-05-26T22:10:55.460Z,whitebird823
3b10d449-a25c-48b8-99cf-b98e1870fa82,"4745 Kaathoven, Spijkerboor Nh, Friesland, Netherlands",roelinda.krouwel@example.com,Roelinda,female,Krouwel,(038) 2000350,https://randomuser.me/api/portraits/med/women/58.jpg,8993 RE,2013-08-18T16:42:00.222Z,smallgorilla294
fd69076e-43cc-4bd4-98ee-aef62c3d115a,"3163 Peel St, Alma, Manitoba, Canada",daniel.johnson@example.com,Daniel,male,Johnson,S98 I21-9364,https://randomuser.me/api/portraits/med/men/73.jpg,S5R 3Q3,2020-07-06T00:17:59.302Z,whitezebra296
de3f26a7-efcd-4b2d-862f-ac73133005b4,"7135 De Pegstukken, Sibrandabuorren, Gelderland, Netherlands",geeske.vereijken@example.com,Geeske,female,Vereijken,(010) 2820088,https://randomuser.me/api/portraits/med/women/80.jpg,5843 HF,2014-01-08T02:28:48.975Z,heavykoala605
85993974-eb86-47b0-8021-7cd4051973b5,"66 Beethovenlaan, Swichum, Overijssel, Netherlands",caia.jacobsen@example.com,Caia,female,Jacobsen,(0310) 655480,https://randomuser.me/api/portraits/med/women/79.jpg,9497 YB,2010-01-20T13:36:53.681Z,purpleostrich896
8dfbd18d-b8f7-4a2c-8f29-613232d32a23,"658 Klooster Leuterstraat, Markenbinnen, Zuid-Holland, Netherlands",hilly.stoffers@example.com,Hilly,female,Stoffers,(055) 0503752,https://randomuser.me/api/portraits/med/women/72.jpg,8234 QF,2020-02-21T09:05:00.068Z,tinyelephant357
eaa95dec-6e15-48ee-a5e4-be98111d3f91,"5631 Tors gate, Sunndalsøra, Troms - Romsa, Norway",othilie.tekle@example.com,Othilie,female,Tekle,63010239,https://randomuser.me/api/portraits/med/women/79.jpg,8414,2017-09-16T20:40:14.383Z,bigswan209
d7c0545c-ac5d-4fc5-9f03-f0fb39a988d4,"5574 Eniggaburren, Heelsum, Limburg, Netherlands",patrice.hos@example.com,Patrice,female,Hos,(096) 8157059,https://randomuser.me/api/portraits/med/women/18.jpg,2933 LV,2012-03-30T02:55:18.275Z,angryfish287
dc190f62-e5e0-4fb3-a467-614cf2228c3a,"3777 Daalderstraatje, Achthuizen, Flevoland, Netherlands",satish.vantiel@example.com,Satish,male,Van Tiel,(064) 2752357,https://randomuser.me/api/portraits/med/men/7.jpg,7852 ZZ,2011-11-30T20:12:35.279Z,blackfish134
89e0bb55-3b43-4575-8d2a-8656f0a2ebb5,"7696 Concession Road 23, Chipman, Prince Edward Island, Canada",victoria.brown@example.com,Victoria,female,Brown,L59 M33-1663,https://randomuser.me/api/portraits/med/women/93.jpg,Z1L 7T7,2009-10-08T04:07:16.815Z,greenkoala359
cfc9f15e-1e00-4de4-9a81-b297f4455a0e,"2601 Hjørungkroken, Sveio, Nordland, Norway",augustas.hinna@example.com,Augustas,male,Hinna,74950663,https://randomuser.me/api/portraits/med/men/65.jpg,3342,2003-06-26T20:21:32.749Z,bigmouse257
bbfff735-8f32-4e31-adbd-b7c54bf883a2,"9350 Gangulphusstraat, Nijbroek, Friesland, Netherlands",seyhan.veldhoen@example.com,Seyhan,male,Veldhoen,(095) 3505009,https://randomuser.me/api/portraits/med/men/0.jpg,0148 ZJ,2018-12-09T12:41:03.295Z,sadpeacock717
48be9564-3c80-4cd1-901b-858ea5e2acc2,"9867 Heilaarstraat, Bergen op Zoom, Zeeland, Netherlands",mike.pruijssers@example.com,Mike,male,Pruijssers,(0567) 685907,https://randomuser.me/api/portraits/med/men/25.jpg,1583 YN,2022-04-23T14:02:08.218Z,ticklishtiger302
71aaa8f4-9275-4b3b-a82a-2fea3161dbdd,"8178 Broadway, Westminster, West Yorkshire, United Kingdom",andrea.craig@example.com,Andrea,female,Craig,016973 18519,https://randomuser.me/api/portraits/med/women/60.jpg,T3Z 5LX,2014-12-13T10:46:14.675Z,blueelephant357
c9a93634-fcb3-48c8-985f-a3d0d7c1a8e7,"2198 Simcoe St, Sidney, Québec, Canada",melodie.gagnon@example.com,Melodie,female,Gagnon,O54 W60-2985,https://randomuser.me/api/portraits/med/women/29.jpg,Q4G 7W3,2009-05-03T00:39:02.384Z,sadtiger439
c423c6fa-d93d-4826-801e-6e75abb8d588,"2576 Highfield Road, Armagh, Tayside, United Kingdom",gregory.reynolds@example.com,Gregory,male,Reynolds,015242 68899,https://randomuser.me/api/portraits/med/men/45.jpg,I3 7GD,2008-01-29T09:51:31.010Z,ticklishzebra628
6611867a-0290-44da-9509-2213c65516ca,"8723 Regent Ave, Havelock, Québec, Canada",emilie.bergeron@example.com,Emilie,female,Bergeron,S23 O59-7115,https://randomuser.me/api/portraits/med/women/10.jpg,S9T 2W6,2021-06-11T00:18:52.650Z,sadbear360
bf07b5ca-b140-44d3-8d7c-00604b693294,"3389 Clare Lennartlaan, Waalwijk, Groningen, Netherlands",morgan.bruinewoud@example.com,Morgan,male,Bruinewoud,(008) 1856992,https://randomuser.me/api/portraits/med/men/11.jpg,0315 VR,2019-04-11T02:20:04.343Z,orangebutterfly746
95068268-185f-4256-9fc2-f34747d6b6c0,"5746 Pine Rd, Sherbrooke, Yukon, Canada",liam.gagnon@example.com,Liam,male,Gagnon,H22 J06-9087,https://randomuser.me/api/portraits/med/men/69.jpg,Y1B 8B9,2007-02-08T13:33:35.041Z,heavyduck641
157b369c-0f2e-48ce-b64d-a7651e793565,"813 Fairview Road, Armagh, Cambridgeshire, United Kingdom",zander.hernandez@example.com,Zander,male,Hernandez,016977 1301,https://randomuser.me/api/portraits/med/men/74.jpg,C2B 2JS,2020-08-09T12:15:10.515Z,organiccat376
1c0ac671-6b64-40ec-b61c-0c386faa6e34,"7787 Queensway, Aberdeen, Staffordshire, United Kingdom",javier.warren@example.com,Javier,male,Warren,01635 63987,https://randomuser.me/api/portraits/med/men/42.jpg,X3J 5UA,2014-05-07T04:32:53.118Z,tinyostrich285
8b9131dd-2597-4c20-b430-5012b8cc0d87,"5705 Gamleveien, Steinkjer, Hedmark, Norway",shayan.kvame@example.com,Shayan,male,Kvame,61081280,https://randomuser.me/api/portraits/med/men/37.jpg,3218,2006-10-06T12:23:13.313Z,heavyfrog229
6e3c8944-ef6e-455c-b473-4f3a55c14e3e,"5384 Groenweide, Readtsjerk, Drenthe, Netherlands",nahom.snepvangers@example.com,Nahom,male,Snepvangers,(031) 2476104,https://randomuser.me/api/portraits/med/men/36.jpg,2844 EL,2013-11-21T08:43:22.106Z,brownrabbit108
0939214c-3caa-4377-b5b6-42f4fee26c30,"5596 Disputed Rd, Fountainbleu, Ontario, Canada",rose.lavoie@example.com,Rose,female,Lavoie,W02 Y98-0865,https://randomuser.me/api/portraits/med/women/92.jpg,A0I 2X4,2004-08-01T21:39:23.529Z,whiteelephant835
d8e23bc5-e54d-4884-a841-67f4a5a741d2,"2340 Alfred St, Cartwright, Alberta, Canada",sarah.jones@example.com,Sarah,female,Jones,E41 X80-3037,https://randomuser.me/api/portraits/med/women/50.jpg,J1F 6G2,2005-12-15T00:46:40.985Z,redfish792
4fd4f476-3e3b-419d-8f34-682c7ec71916,"1737 Grand Marais Ave, Trout Lake, Alberta, Canada",ariane.knight@example.com,Ariane,female,Knight,K13 N57-8353,https://randomuser.me/api/portraits/med/women/63.jpg,M5Y 3C5,2010-01-28T05:56:28.175Z,smallbutterfly446
1311ba35-6273-4877-a48a-de32b07b19b0,"3344 Tullins gate, Søgne, Sogn og Fjordane, Norway",maria.istad@example.com,Maria,female,Istad,53338919,https://randomuser.me/api/portraits/med/women/87.jpg,7651,2010-08-03T17:13:10.397Z,goldentiger383
6e606951-a9b5-4b5c-88ea-b38853ed999d,"3552 The Grove, Leeds, Cumbria, United Kingdom",dale.little@example.com,Dale,male,Little,016973 80112,https://randomuser.me/api/portraits/med/men/8.jpg,CK8 4ZQ,2012-04-12T03:35:27.651Z,whitemeercat487
c737ffb6-288d-4f55-8593-be078bff07e2,"1274 Berenplaat, Sas van Gent, Noord-Holland, Netherlands",farha.vermond@example.com,Farha,female,Vermond,(043) 7562798,https://randomuser.me/api/portraits/med/women/50.jpg,4855 NU,2004-03-04T09:48:47.189Z,lazygoose444
8037c5f7-a575-482e-b1d1-69ab6ab5bc30,"7065 Ottar Birtings gate, Haga, Møre og Romsdal, Norway",najma.thogersen@example.com,Najma,female,Thøgersen,51469496,https://randomuser.me/api/portraits/med/women/68.jpg,6069,2002-08-19T16:17:38.175Z,goldendog279
b9bcefca-762c-4414-a762-097f435295ce,"869 Simcoe St, Chatham, British Columbia, Canada",liam.morin@example.com,Liam,male,Morin,H05 A40-2627,https://randomuser.me/api/portraits/med/men/49.jpg,L0N 9V1,2016-07-20T15:08:35.407Z,lazyzebra936
45219147-aba5-4cf9-9a61-4d7c8c31b29d,"4464 King St, New Glasgow, New Brunswick, Canada",thomas.harcourt@example.com,Thomas,male,Harcourt,M69 K49-4018,https://randomuser.me/api/portraits/med/men/88.jpg,E1Y 1I3,2014-02-13T05:40:46.213Z,happyduck156
00f3f690-6776-49f8-803c-5119adf6b02c,"1420 Burgemeester Bouwensweg, Eppenhuizen, Limburg, Netherlands",bahattin.claessen@example.com,Bahattin,male,Claessen,(013) 8757058,https://randomuser.me/api/portraits/med/men/87.jpg,0078 JY,2003-10-17T05:20:35.459Z,happymeercat694
780fe071-a50c-49e8-a1f3-16de640b348a,"5241 Kuinremeen, Delwijnen, Utrecht, Netherlands",jerom.kosten@example.com,Jerom,male,Kosten,(0792) 874446,https://randomuser.me/api/portraits/med/men/93.jpg,0967 GX,2007-09-07T06:30:36.338Z,ticklishfrog618
d4a9895f-c42a-4edb-9e3f-50fa37e4e0ad,"3500 Grove Road, Aberdeen, County Antrim, United Kingdom",john.austin@example.com,John,male,Austin,015396 29159,https://randomuser.me/api/portraits/med/men/11.jpg,FH4I 3QH,2011-08-29T05:44:19.508Z,bluelion471
81387348-2975-473d-a092-48fc03fff911,"5726 Måltrostveien, Støren, Møre og Romsdal, Norway",kamila.oppegard@example.com,Kamila,female,Oppegård,79595503,https://randomuser.me/api/portraits/med/women/10.jpg,5053,2010-07-05T13:17:03.768Z,lazygoose205
47b930eb-808f-4063-bd67-7abafb9e93b9,"5571 Izarstraat, Katlijk, Overijssel, Netherlands",dinanda.welman@example.com,Dinanda,female,Welman,(033) 5996696,https://randomuser.me/api/portraits/med/women/3.jpg,6277 MY,2007-04-10T06:25:07.612Z,sadmeercat114
d318bfa6-42ac-443f-8eb3-1e04a86da6c6,"2137 The Drive, Ely, Dorset, United Kingdom",johnny.montgomery@example.com,Johnny,male,Montgomery,016977 30731,https://randomuser.me/api/portraits/med/men/81.jpg,G41 3WD,2022-04-16T06:18:48.484Z,redsnake591
2d859564-48aa-447b-ba50-c43acdc05cc1,"2687 Heemstee, Zevenhuizen Zh, Groningen, Netherlands",jaap.schiphorst@example.com,Jaap,male,Schiphorst,(098) 5073200,https://randomuser.me/api/portraits/med/men/21.jpg,6743 RE,2003-11-29T23:19:24.155Z,silversnake102
f22cc6f5-2655-45bb-8086-e1c110a1e8b8,"7606 Caracasdreef, Langweer, Groningen, Netherlands",nanne.frieling@example.com,Nanne,male,Frieling,(0344) 884984,https://randomuser.me/api/portraits/med/men/18.jpg,8656 DQ,2013-12-18T11:51:23.918Z,organiccat148
eed17d85-90d8-495c-b254-08b7425691ab,"7049 Wessels gate, Moldekleiv, Hedmark, Norway",halvard.akbari@example.com,Halvard,male,Akbari,55925108,https://randomuser.me/api/portraits/med/men/87.jpg,9279,2014-06-19T08:11:50.517Z,whitefrog151
576056e7-8a92-47d6-9434-ca9eb99c00fa,"345 Frederick Ave, Souris, Saskatchewan, Canada",ryan.miller@example.com,Ryan,male,Miller,N69 O76-5228,https://randomuser.me/api/portraits/med/men/15.jpg,F9W 1N0,2017-12-17T12:47:19.860Z,ticklishkoala688
2819b612-9cfe-460b-a5e8-4273c0be0348,"9074 Bonkenhavestraat, Heukelom Nb, Drenthe, Netherlands",corianne.bruin@example.com,Corianne,female,Bruin,(068) 6336675,https://randomuser.me/api/portraits/med/women/23.jpg,9363 ZA,2006-08-13T07:55:10.732Z,goldenfrog512
5bc983ef-912e-4f8d-9025-630e32c098a8,"3617 Parliament St, Southampton, Prince Edward Island, Canada",jacob.abraham@example.com,Jacob,male,Abraham,H86 W68-1804,https://randomuser.me/api/portraits/med/men/78.jpg,V3H 7D7,2013-02-22T18:51:42.708Z,whiteelephant712
544b3fe5-8045-49ac-b578-99f4e0b87b19,"3593 Bokkenburg, Loenersloot, Noord-Holland, Netherlands",yoeri.mutlu@example.com,Yoeri,male,Mutlu,(0578) 517341,https://randomuser.me/api/portraits/med/men/73.jpg,8534 NY,2017-09-30T09:31:52.426Z,orangekoala290
ec80fbe3-9053-4475-a0dd-a26aee495802,"7816 Lake of Bays Road, Shelbourne, Nunavut, Canada",oliver.williams@example.com,Oliver,male,Williams,W64 H00-1916,https://randomuser.me/api/portraits/med/men/32.jpg,B8R 3O7,2020-12-02T01:30:24.594Z,goldenpeacock127
b5cf467e-db44-4e72-a840-3ddedd64e995,"6313 Seilduksgata, Brandbu, Aust-Agder, Norway",milla.wangen@example.com,Milla,female,Wangen,30269439,https://randomuser.me/api/portraits/med/women/48.jpg,2810,2002-05-22T17:50:40.111Z,brownsnake579
f610dc54-3250-4e3a-a9d3-b9dc1e19d5a0,"7739 Veksthusfløtten, Spongdal, Description, Norway",matilde.hofstad@example.com,Matilde,female,Hofstad,54944270,https://randomuser.me/api/portraits/med/women/73.jpg,9389,2003-12-03T15:06:59.808Z,smallwolf661
a7cf94d2-709f-4295-89e2-9cdbbae01abc,"9238 Chrysantvallei, Nunhem, Noord-Brabant, Netherlands",jilke.heuvel@example.com,Jilke,female,Heuvel,(054) 4681652,https://randomuser.me/api/portraits/med/women/93.jpg,8624 CN,2011-02-19T15:45:14.219Z,purplewolf182
515e7188-29f4-4389-ad7d-cc14db8b64b3,"5546 Parliament St, Chipman, Saskatchewan, Canada",maxime.walker@example.com,Maxime,male,Walker,A56 C74-9955,https://randomuser.me/api/portraits/med/men/9.jpg,C8I 3L6,2014-06-16T01:03:23.353Z,heavysnake299
bc61fea5-8710-4a69-8245-188686455a3c,"3317 Østre Aker vei, Hunn, Finnmark - Finnmárku, Norway",helen.mostad@example.com,Helen,female,Mostad,79033242,https://randomuser.me/api/portraits/med/women/51.jpg,4509,2011-08-27T00:49:39.558Z,bigswan328
acbfe78a-bf7f-45dd-afd6-307b64c61553,"8432 Zahlkasserer Schafts plass, Ilhaugen, Trøndelag, Norway",sune.bendixen@example.com,Sune,male,Bendixen,37154072,https://randomuser.me/api/portraits/med/men/24.jpg,4173,2005-01-06T00:58:03.900Z,crazymeercat681
b3b87878-5cb5-4178-9598-0721ce3fd8f3,"2147 Main Road, Sheffield, Derbyshire, United Kingdom",riley.murray@example.com,Riley,male,Murray,017683 67846,https://randomuser.me/api/portraits/med/men/84.jpg,K7 3SP,2016-08-30T13:12:31.026Z,bigsnake654
404f2ab1-d812-41f5-8aac-a689d24123ca,"8919 Brick Kiln Road, Brighton and Hove, Lothian, United Kingdom",kevin.weaver@example.com,Kevin,male,Weaver,016973 86418,https://randomuser.me/api/portraits/med/men/11.jpg,C90 0QF,2010-06-14T13:17:46.384Z,redpeacock258
255c9c94-7f5e-4ef7-acbe-6604eff2890b,"480 Barkashof, Schiermonnikoog, Gelderland, Netherlands",elisa.lutgens@example.com,Elisa,male,Lutgens,(0784) 262030,https://randomuser.me/api/portraits/med/men/40.jpg,5003 DV,2006-12-01T16:03:56.251Z,organicbear144
e22b36f5-6f7f-45f6-b279-e07ab78ce276,"4088 Achter Spitsbergen, Arum, Utrecht, Netherlands",mukaddes.hooijschuur@example.com,Mukaddes,female,Hooijschuur,(0498) 573083,https://randomuser.me/api/portraits/med/women/95.jpg,6403 GW,2006-05-30T12:45:40.881Z,angryostrich691
ae08da60-ae6f-4521-a127-0eb112fbc6af,"5669 Het Bastion, Ingen, Groningen, Netherlands",nicci.narain@example.com,Nicci,female,Narain,(024) 7675913,https://randomuser.me/api/portraits/med/women/74.jpg,6778 TI,2014-09-11T07:59:27.430Z,yellowfish432
0a9f9e16-ef5d-455c-a176-d067c5ec3b72,"5316 West Ave, Windsor, Nunavut, Canada",noemie.harcourt@example.com,Noémie,female,Harcourt,E57 G38-2120,https://randomuser.me/api/portraits/med/women/37.jpg,T6P 8K5,2020-09-24T23:33:56.006Z,yellowpanda301
32d1d976-f316-48d8-ac71-2b59bef5bc0a,"7838 Beenekussteeg, Hoge Hexel, Groningen, Netherlands",khaoula.kip@example.com,Khaoula,female,Kip,(0975) 159816,https://randomuser.me/api/portraits/med/women/74.jpg,7317 PL,2010-01-05T14:16:44.032Z,lazyfrog879
3133aa13-b1c4-4835-adf4-b447e3048ac7,"291 Queens Road, Birmingham, Surrey, United Kingdom",dustin.collins@example.com,Dustin,male,Collins,015394 53712,https://randomuser.me/api/portraits/med/men/61.jpg,CL58 1QE,2002-08-21T02:32:34.203Z,organicostrich643
7d11430b-2b6c-4890-bbf2-fb710d06d7a5,"9647 Konows gate, Eikeland, Nord-Trøndelag, Norway",yosef.skramstad@example.com,Yosef,male,Skramstad,62480591,https://randomuser.me/api/portraits/med/men/97.jpg,3611,2004-01-23T17:33:55.553Z,smallpanda432
04a87e89-192b-4ace-947f-22dcf7e9f1d1,"5314 Manor Road, Hereford, Clwyd, United Kingdom",jennifer.martin@example.com,Jennifer,female,Martin,01997 654075,https://randomuser.me/api/portraits/med/women/52.jpg,X21 1ZZ,2018-07-29T05:11:19.576Z,tinybutterfly709
7ec38547-3fcd-437c-9668-cf1c07d6ecf2,"4077 West Street, Londonderry, Dyfed, United Kingdom",amy.hughes@example.com,Amy,female,Hughes,01697 05953,https://randomuser.me/api/portraits/med/women/19.jpg,KW2 3WQ,2002-09-20T00:50:45.185Z,silverostrich218
258d37d4-2483-45de-8ba6-d905cf91c010,"296 Futenlaan, Lochem, Gelderland, Netherlands",zep.sips@example.com,Zep,male,Sips,(011) 6054200,https://randomuser.me/api/portraits/med/men/14.jpg,9021 OB,2004-06-28T04:51:54.647Z,orangebird266
970ae21d-78dc-4f49-a0de-b7ac0a748321,"1486 Burg. van Poppelstraat, Grootegast, Drenthe, Netherlands",arjanne.vanlavieren@example.com,Arjanne,female,Van Lavieren,(045) 0043699,https://randomuser.me/api/portraits/med/women/51.jpg,1987 CX,2006-06-14T11:42:05.715Z,tinypanda697
bbb94a59-e7eb-470a-9703-7eaa1ece87fc,"733 St. Georgs vei, Jaren, Akershus, Norway",otto.plassen@example.com,Otto,male,Plassen,34635943,https://randomuser.me/api/portraits/med/men/46.jpg,5323,2003-12-19T09:53:26.088Z,tinypanda175
eb9802e2-9f61-4df8-a481-5f9c746b7f29,"9850 Duke St, Greenwood, Alberta, Canada",alexander.mitchell@example.com,Alexander,male,Mitchell,M80 W00-5360,https://randomuser.me/api/portraits/med/men/52.jpg,V3E 3T0,2018-11-19T07:20:40.916Z,purplepanda996
d81f4e11-b50a-443d-94a8-8a5dd3f845a1,"3817 Gransveien, Råholt, Vestfold, Norway",dominik.hjelseth@example.com,Dominik,male,Hjelseth,32498416,https://randomuser.me/api/portraits/med/men/69.jpg,1778,2021-12-02T02:07:20.405Z,purplemouse483
4d3fd4e2-c8ac-45ce-8500-a1aa006ef345,"5978 Rustadgrenda, Bergen, Finnmark - Finnmárku, Norway",gustas.beck@example.com,Gustas,male,Beck,31520773,https://randomuser.me/api/portraits/med/men/66.jpg,6518,2011-12-20T18:49:38.033Z,goldenleopard636
3ffd59dc-37c3-473f-8ff6-f97c0e44f9fb,"9577 Dieppe Ave, Hampton, Alberta, Canada",maxime.patel@example.com,Maxime,male,Patel,H96 W95-8999,https://randomuser.me/api/portraits/med/men/91.jpg,C2L 6Y5,2009-10-09T04:14:28.572Z,orangeswan822
e9f7e48d-2b93-4ec7-9c04-4e46d88b1e7e,"7120 Park Avenue, Portsmouth, Isle of Wight, United Kingdom",kirk.moore@example.com,Kirk,male,Moore,016977 3149,https://randomuser.me/api/portraits/med/men/6.jpg,MP26 8SE,2003-07-12T01:44:23.590Z,lazybear866
c3ef703c-41bb-4e48-8f3e-1e3e8508ec65,"9468 Dalhousie Ave, Delta, Yukon, Canada",rose.gauthier@example.com,Rose,female,Gauthier,Z75 Z96-2557,https://randomuser.me/api/portraits/med/women/61.jpg,R2P 2Q2,2007-06-28T21:49:19.870Z,blueostrich786
0aa6c541-fcd5-4741-b1f8-be3d8705831c,"1452 Main St, Southampton, Northwest Territories, Canada",aiden.slawa@example.com,Aiden,male,Slawa,S16 O69-0711,https://randomuser.me/api/portraits/med/men/82.jpg,B6B 8M1,2007-04-18T17:19:38.901Z,blackostrich861
2c1c69e0-fa47-4b33-9de2-bba0986d74df,"7103 Arkerpad, Rheeze, Noord-Brabant, Netherlands",houssine.sijbesma@example.com,Houssine,male,Sijbesma,(076) 4977510,https://randomuser.me/api/portraits/med/men/98.jpg,7340 PN,2011-10-28T19:15:21.492Z,beautifulgorilla358
e9edf88e-1bb3-4373-8b41-5fc7050988fd,"8396 Lofsrudhøgda, Larvik, Bergen, Norway",muna.smith@example.com,Muna,female,Smith,87229977,https://randomuser.me/api/portraits/med/women/96.jpg,5206,2015-10-14T19:28:09.883Z,redswan537
7bd7f61b-5174-4fea-af11-0d8bfca886ca,"9777 South Street, Portsmouth, Worcestershire, United Kingdom",anna.jacobs@example.com,Anna,female,Jacobs,01955 47123,https://randomuser.me/api/portraits/med/women/32.jpg,U1H 0YT,2002-07-02T16:52:36.685Z,redcat864
b3e72d62-d1c8-42cf-9ed9-007350ddbe91,"1840 Dråga, Ottersbo, Nord-Trøndelag, Norway",emmeline.gustafsson@example.com,Emmeline,female,Gustafsson,65164428,https://randomuser.me/api/portraits/med/women/83.jpg,2301,2004-06-25T08:19:43.845Z,greenduck629
a2a900f4-96bc-4c18-b705-8e43da747657,"3469 Alundamveien, Notodden, Bergen, Norway",jasmine.rolstad@example.com,Jasmine,female,Rolstad,29250485,https://randomuser.me/api/portraits/med/women/0.jpg,6222,2017-09-28T06:59:25.358Z,happytiger129
75c3a851-6c3c-48bb-bedf-9b0cebc412ae,"3884 Brakelweg, Sweikhuizen, Friesland, Netherlands",ubah.tiggelman@example.com,Ubah,female,Tiggelman,(0062) 096770,https://randomuser.me/api/portraits/med/women/70.jpg,5894 ZM,2018-03-26T13:00:11.175Z,tinyfish560
50cc669f-fe2e-4cfd-84d2-f452f9d70abd,"4361 The Green, Bangor, Gloucestershire, United Kingdom",frankie.evans@example.com,Frankie,male,Evans,015396 69720,https://randomuser.me/api/portraits/med/men/95.jpg,X4G 9UY,2014-04-27T06:45:16.195Z,organicbird639
76504f82-bdf2-41ae-9dd6-60b2f8a7fec7,"5323 Brick Kiln Road, Winchester, Herefordshire, United Kingdom",judith.garza@example.com,Judith,female,Garza,017687 20708,https://randomuser.me/api/portraits/med/women/2.jpg,OG9W 4EU,2012-10-17T17:27:04.924Z,angrypeacock735
7a067fd0-bb5d-4a70-acfd-cdc949e7ad50,"9894 Duijtschstraat, Lievelde, Overijssel, Netherlands",lilian.pullen@example.com,Lilian,female,Pullen,(0130) 392253,https://randomuser.me/api/portraits/med/women/46.jpg,2094 SM,2008-08-05T16:51:50.266Z,silverswan896
0af9db43-4aa1-4298-8467-905b4091c1c0,"4529 High Street, Wakefield, Fife, United Kingdom",patrick.wright@example.com,Patrick,male,Wright,01071 03655,https://randomuser.me/api/portraits/med/men/88.jpg,AZ2X 3BR,2011-10-07T18:31:23.463Z,happypanda423
ce4d5c51-4e77-418d-9fcd-ab7c2cf9698d,"1312 Delmaweg, Krommeniedijk, Friesland, Netherlands",sheena.veen@example.com,Sheena,female,Veen,(092) 3829896,https://randomuser.me/api/portraits/med/women/54.jpg,7882 CO,2015-09-18T16:54:54.701Z,sadladybug889
2d5607e3-84a8-4b35-9fad-ab60187d4e32,"3028 Karl Johans gate, Hønefoss, Finnmark - Finnmárku, Norway",frederik.hogas@example.com,Frederik,male,Høgås,87157796,https://randomuser.me/api/portraits/med/men/15.jpg,3296,2007-03-07T11:35:27.082Z,silverbutterfly506
b733af2a-6ef1-4ac3-b446-2c4910e2c7cf,"8948 Øverliveien, Skogrand, Troms - Romsa, Norway",alvar.stole@example.com,Alvar,male,Støle,22782653,https://randomuser.me/api/portraits/med/men/54.jpg,1629,2020-04-27T14:38:22.564Z,silverbird965
1cb18772-e499-4f82-95eb-12890541d7e1,"3722 Burgemeester Gescherstraat, Nifterik, Limburg, Netherlands",floortje.vrijburg@example.com,Floortje,female,Vrijburg,(0695) 456896,https://randomuser.me/api/portraits/med/women/63.jpg,2069 SQ,2019-02-03T09:58:12.473Z,lazypeacock334
199496d9-40a6-4f94-8783-84f0bb055731,"648 Hogestukken, Gramsbergen, Drenthe, Netherlands",ruth.wouters@example.com,Ruth,female,Wouters,(0558) 895572,https://randomuser.me/api/portraits/med/women/78.jpg,3427 EW,2012-03-21T13:02:25.752Z,greenzebra903
83cea0a5-9300-4dc6-81a6-0b89a7e308d9,"9917 The Grove, Plymouth, Lancashire, United Kingdom",jeff.daniels@example.com,Jeff,male,Daniels,0111170 347 4100,https://randomuser.me/api/portraits/med/men/39.jpg,V5O 6QQ,2007-06-27T02:32:29.238Z,orangefrog387
9a35f6de-3280-48c1-8f7e-e92ef7002e69,"5851 North Street, Winchester, Avon, United Kingdom",sarah.turner@example.com,Sarah,female,Turner,017684 15401,https://randomuser.me/api/portraits/med/women/32.jpg,BR67 2EJ,2003-11-10T00:00:41.600Z,goldenkoala603
09e9160e-b2f5-4663-ba57-3d4dc00110f1,"2375 West Ave, Selkirk, Nova Scotia, Canada",emile.grewal@example.com,Emile,male,Grewal,K98 S48-4760,https://randomuser.me/api/portraits/med/men/1.jpg,X1R 2T9,2012-02-01T20:59:09.400Z,yellowfrog578
926213d3-22d4-4e65-b5e9-0d44e72327e0,"5476 Melumveien, Skjeberg, Nord-Trøndelag, Norway",millian.torstensen@example.com,Millian,male,Torstensen,81913208,https://randomuser.me/api/portraits/med/men/47.jpg,6727,2018-02-25T11:46:28.491Z,blackelephant223
72b1bd44-1258-403d-89f7-5c54f67716c8,"7130 Apalløkkveien, Tingnes, Description, Norway",sol.sverdrup@example.com,Sol,female,Sverdrup,82597155,https://randomuser.me/api/portraits/med/women/82.jpg,7240,2017-05-15T21:48:30.406Z,redostrich459
a1499878-eee9-47ea-a8c3-27ee9ba1d5ae,"4645 Jan de Rijpstraat, Kollumerzwaag, Zuid-Holland, Netherlands",rim.greeve@example.com,Rim,male,Greeve,(0967) 298152,https://randomuser.me/api/portraits/med/men/18.jpg,3250 WN,2004-02-20T05:10:35.567Z,heavybutterfly304
cfc1f77a-218e-46d8-b031-d5bb451e037e,"216 Breedstraat, Niftrik, Friesland, Netherlands",brit.vanhagen@example.com,Brit,female,Van Hagen,(0617) 147106,https://randomuser.me/api/portraits/med/women/29.jpg,7795 PD,2013-12-18T00:58:05.934Z,heavypeacock264
7c08cbec-e8a7-41aa-883d-66f8d91f58d6,"5765 Brasemdam, Zijdewind, Flevoland, Netherlands",fadumo.maas@example.com,Fadumo,female,Maas,(025) 3069811,https://randomuser.me/api/portraits/med/women/1.jpg,9381 VU,2022-03-06T04:44:26.233Z,tinysnake392
3445e583-8c8c-4655-8843-d2cb6e748eb4,"4249 Duijssencamp, Erica, Zeeland, Netherlands",noureddine.tuit@example.com,Noureddine,male,Tuit,(0643) 347634,https://randomuser.me/api/portraits/med/men/55.jpg,5075 XP,2005-11-24T02:08:07.261Z,organicdog877
20944f1e-4172-4de7-ba23-62a65b81ae6e,"1545 Argyle St, Maitland, British Columbia, Canada",jayden.mitchell@example.com,Jayden,male,Mitchell,E79 E67-6873,https://randomuser.me/api/portraits/med/men/81.jpg,I3K 7G0,2017-07-10T08:48:53.373Z,browncat321
a466889b-61ae-4e5b-a749-e4a133f75393,"7231 Main Street, Sheffield, Rutland, United Kingdom",jamie.collins@example.com,Jamie,male,Collins,016977 7974,https://randomuser.me/api/portraits/med/men/23.jpg,XZ4 9JJ,2003-08-31T04:40:04.220Z,sadbear296
9aa6fa54-e0c6-4f61-b7ac-209ed018822d,"9546 Johan Scharffenbergs vei, Renbygda, Oppland, Norway",luka.berthelsen@example.com,Luka,female,Berthelsen,68633205,https://randomuser.me/api/portraits/med/women/48.jpg,6017,2009-02-15T23:00:56.571Z,beautifulgoose968
e124ccfa-940c-4738-ba65-b026a6f4abdf,"917 Maple Ave, Delta, Alberta, Canada",gabrielle.chu@example.com,Gabrielle,female,Chu,I68 A46-9519,https://randomuser.me/api/portraits/med/women/65.jpg,A3M 7S8,2016-10-23T11:33:19.370Z,whitefrog216
2ba9d19c-8a02-47ba-94f9-60acb7332c8e,"1883 West Ave, Fountainbleu, Nova Scotia, Canada",arnaud.li@example.com,Arnaud,male,Li,R18 S46-6205,https://randomuser.me/api/portraits/med/men/12.jpg,B2A 8C3,2013-02-02T11:07:59.704Z,happywolf595
6939d786-8b43-48c9-b5f9-a74f96cca18b,"4163 King St, Bath, Northwest Territories, Canada",victor.novak@example.com,Victor,male,Novak,F32 O45-0188,https://randomuser.me/api/portraits/med/men/83.jpg,R5L 6D5,2016-08-13T17:24:06.664Z,crazyrabbit291
9396ae89-84bb-46a8-a7ef-8ac7a3a50486,"3339 Grange Road, Swansea, Gloucestershire, United Kingdom",greg.jensen@example.com,Greg,male,Jensen,016977 71939,https://randomuser.me/api/portraits/med/men/57.jpg,BC6M 2GF,2019-03-13T09:29:37.010Z,organickoala790
a8322350-0494-400a-9779-db5e1332eed6,"3993 Richmond Ave, Glenwood, Prince Edward Island, Canada",alexander.roy@example.com,Alexander,male,Roy,B42 Y43-3298,https://randomuser.me/api/portraits/med/men/82.jpg,T8R 3T5,2006-06-23T12:41:56.246Z,brownpeacock284
8f5885e0-26cd-432f-b892-ee1ebf555056,"7279 Charles St, Kingston, British Columbia, Canada",olivier.walker@example.com,Olivier,male,Walker,I25 R16-0470,https://randomuser.me/api/portraits/med/men/88.jpg,I2D 7G6,2013-04-23T05:40:40.507Z,brownmouse330
bc6ec1b3-8948-4849-addc-61800e7438b7,"2911 Søndre Rød, Kongsvinger, Oppland, Norway",mohamad.polden@example.com,Mohamad,male,Polden,81963913,https://randomuser.me/api/portraits/med/men/50.jpg,0775,2019-05-19T06:45:00.587Z,purplebear257
a3529f63-1752-4d86-a2f2-341ff6aa7dd6,"9136 Rectory Lane, Southampton, West Midlands, United Kingdom",ellie.young@example.com,Ellie,female,Young,019467 93550,https://randomuser.me/api/portraits/med/women/57.jpg,Z81 4UG,2007-12-07T19:32:44.354Z,happyduck423
e13760c9-4774-4277-a7a8-50f82d9919a8,"3304 Drechtlaan, Loenersloot, Zuid-Holland, Netherlands",harley.lamers@example.com,Harley,male,Lamers,(0869) 008755,https://randomuser.me/api/portraits/med/men/77.jpg,2155 CJ,2014-08-28T07:00:16.707Z,whiteostrich580
e71bc437-c5ff-4e26-b121-e7ef07363175,"1118 Mill Lane, Lincoln, Hampshire, United Kingdom",eva.torres@example.com,Eva,female,Torres,016973 88247,https://randomuser.me/api/portraits/med/women/19.jpg,ER0 5EG,2004-02-24T00:07:03.778Z,goldengoose697
120c3f28-8a31-4324-87a0-64cdc13e56a8,"9286 Concession Road 6, Lafontaine, Nova Scotia, Canada",ryder.jones@example.com,Ryder,male,Jones,B39 S00-4136,https://randomuser.me/api/portraits/med/men/11.jpg,V0J 6M3,2009-04-25T16:05:39.302Z,yellowbird968
348b4e93-2d6e-4ae7-80fc-7f01b0b0923f,"3251 Brock Rd, Fountainbleu, Ontario, Canada",maxime.gill@example.com,Maxime,male,Gill,O91 F80-2806,https://randomuser.me/api/portraits/med/men/79.jpg,T4U 9G7,2007-04-05T15:19:58.647Z,ticklishcat251
80b4c925-8b27-41df-a2c7-3e5774cf66ef,"4794 Albert Road, Portsmouth, Lancashire, United Kingdom",ross.hamilton@example.com,Ross,male,Hamilton,017683 60808,https://randomuser.me/api/portraits/med/men/15.jpg,C2 6FD,2003-10-22T03:20:50.378Z,brownsnake493
5f424aa1-298a-4bd3-9c7d-a8a29ae55dff,"1393 King Street, Lichfield, Highlands and Islands, United Kingdom",molly.peters@example.com,Molly,female,Peters,0131 796 7598,https://randomuser.me/api/portraits/med/women/52.jpg,S75 7EX,2010-11-22T10:13:43.358Z,ticklishfrog890
082197d0-2d49-4932-a410-bdcddd6361b5,"6230 Dunningerhof, Legemeer, Zeeland, Netherlands",marel.esselink@example.com,Marel,female,Esselink,(054) 5215250,https://randomuser.me/api/portraits/med/women/40.jpg,0713 KW,2020-03-09T03:23:10.517Z,lazyostrich588
db2119d1-849a-4b15-8e0e-d3c7da0935d7,"1245 Burgemeester Trooststraat, Hiaure, Drenthe, Netherlands",salina.dix@example.com,Salina,female,Dix,(0274) 273868,https://randomuser.me/api/portraits/med/women/46.jpg,7874 PV,2019-11-12T17:29:44.095Z,blackleopard662
7220083f-e5de-4c4a-8963-9c959f2c7cc7,"4626 Dufferin St, Aylmer, Newfoundland and Labrador, Canada",julia.french@example.com,Julia,female,French,G61 G91-4293,https://randomuser.me/api/portraits/med/women/50.jpg,R9F 6U0,2012-12-24T13:22:32.377Z,goldenbutterfly974
baf07bf3-1a05-48ee-9e54-03d71a68ff5f,"7017 22nd Ave, Port Elgin, British Columbia, Canada",elliot.clark@example.com,Elliot,male,Clark,R65 S70-3364,https://randomuser.me/api/portraits/med/men/15.jpg,A5V 4U4,2009-02-06T11:06:44.316Z,happyfrog970
89b35414-c8c9-4335-b828-cc0996102124,"7664 15th St, Lasalle, Ontario, Canada",xavier.gauthier@example.com,Xavier,male,Gauthier,G16 S70-2292,https://randomuser.me/api/portraits/med/men/25.jpg,M9G 2V2,2019-08-30T23:04:39.427Z,orangeostrich472
0fe00191-22d7-46a2-8989-4239ba0e22e4,"4364 Hekelingseweg, Moordrecht, Groningen, Netherlands",pelin.vanmarle@example.com,Pelin,female,Van Marle,(0476) 761524,https://randomuser.me/api/portraits/med/women/24.jpg,5034 SD,2017-04-27T04:03:07.692Z,lazygoose282
400a985c-e152-4e61-9ecf-d7fdb5b66ee7,"5627 Kershoflaan, Vessem, Overijssel, Netherlands",chelsey.brouwers@example.com,Chelsey,female,Brouwers,(051) 8769647,https://randomuser.me/api/portraits/med/women/66.jpg,2813 DU,2007-01-04T21:40:27.432Z,happymeercat223
80dd325b-684a-45a6-a6e6-85e6892abedc,"5193 Fortpad, Exloerveen, Groningen, Netherlands",nevra.vruggink@example.com,Nevra,female,Vruggink,(069) 2331245,https://randomuser.me/api/portraits/med/women/46.jpg,4680 PH,2002-07-24T07:12:39.175Z,angrymeercat167
2ed4cde5-d597-4101-9bd3-d7de452e649f,"3109 Wetlesens vei, Skoge, Description, Norway",linde.amundsen@example.com,Linde,female,Amundsen,80430754,https://randomuser.me/api/portraits/med/women/79.jpg,6391,2006-04-09T20:36:01.734Z,beautifultiger343
2c2d2dda-6828-49f0-8bbd-c5236d60282e,"2259 Het Nevelveld, Zalk, Groningen, Netherlands",hannan.niesten@example.com,Hannan,female,Niesten,(025) 9059593,https://randomuser.me/api/portraits/med/women/27.jpg,9790 ZL,2021-06-07T04:08:12.855Z,blueladybug743
44645b31-38f0-4f86-b558-80a99d822074,"3348 Rectory Lane, Newry, Shropshire, United Kingdom",diana.mitchelle@example.com,Diana,female,Mitchelle,01659 02323,https://randomuser.me/api/portraits/med/women/69.jpg,S1 4FU,2007-11-01T01:52:37.461Z,organicleopard565
61fc896d-c607-4ec3-be46-567fc17c6a99,"7187 9th St, Hampton, Northwest Territories, Canada",blake.lavoie@example.com,Blake,male,Lavoie,K69 M88-9510,https://randomuser.me/api/portraits/med/men/3.jpg,Y7X 7M5,2013-04-25T09:12:56.443Z,organicrabbit540
5332558d-94d7-4d12-b07b-38eebbc89419,"8052 Dundas Rd, St. Antoine, Alberta, Canada",amelia.lam@example.com,Amelia,female,Lam,M08 V18-0330,https://randomuser.me/api/portraits/med/women/19.jpg,A5Z 1U9,2011-01-12T07:02:51.210Z,saddog587
1fd16b00-7c1e-4fe2-aa24-25b983fb95a3,"8465 St. John’S Road, Gloucester, Essex, United Kingdom",fred.mitchell@example.com,Fred,male,Mitchell,016977 9272,https://randomuser.me/api/portraits/med/men/41.jpg,R75 2NN,2011-09-18T10:40:42.248Z,smallelephant907
09622cb1-85f2-42c3-825e-76bd8a8b0fd9,"7065 Oak St, Jasper, British Columbia, Canada",felix.novak@example.com,Felix,male,Novak,U11 N24-6445,https://randomuser.me/api/portraits/med/men/43.jpg,B0E 5E3,2013-02-19T21:05:41.222Z,beautifulpanda567
1021aa5e-1338-4f89-9b3c-b9f58be0c309,"5255 Main Street, Portsmouth, Greater Manchester, United Kingdom",nicky.anderson@example.com,Nicky,female,Anderson,029 1597 2752,https://randomuser.me/api/portraits/med/women/88.jpg,Q2 8LW,2016-05-29T21:47:52.978Z,lazymeercat944
173cfc68-7285-4bd2-a438-318f47e3810e,"5644 9th St, Trenton, Northwest Territories, Canada",antoine.chan@example.com,Antoine,male,Chan,F64 T83-8764,https://randomuser.me/api/portraits/med/men/3.jpg,C4M 6V4,2006-11-12T16:50:23.161Z,blackduck813
33560f2c-b3ef-4919-bd2d-b0e4cd365b74,"5252 Svingen, Grøa, Telemark, Norway",emrik.bakkehaug@example.com,Emrik,male,Bakkehaug,69823062,https://randomuser.me/api/portraits/med/men/61.jpg,1925,2013-05-15T08:05:22.096Z,sadswan307
bff8fda2-6be1-4f63-847d-38795ff3b931,"3690 Bay Ave, Cumberland, Northwest Territories, Canada",jade.claire@example.com,Jade,female,Claire,D62 E47-1810,https://randomuser.me/api/portraits/med/women/12.jpg,Y4J 2M6,2016-12-23T21:06:59.233Z,crazypanda986
22856688-0e52-4fd2-b112-6f1f08f69913,"2322 3rd St, Jasper, Nova Scotia, Canada",marilou.ma@example.com,Marilou,female,Ma,J58 O45-1560,https://randomuser.me/api/portraits/med/women/33.jpg,P7V 7C9,2007-01-07T03:16:38.141Z,greenmouse894
1276eee5-f665-4435-b104-e3217497828d,"8611 Main Street, Southampton, Cornwall, United Kingdom",izzie.stewart@example.com,Izzie,female,Stewart,015242 49758,https://randomuser.me/api/portraits/med/women/16.jpg,H6U 8SY,2011-10-23T20:58:26.297Z,greenelephant276
f03db656-a3be-4799-b95b-46642fb69394,"1861 Oluf Onsums vei, Sauda, Hordaland, Norway",liva.nybraten@example.com,Liva,female,Nybråten,89806917,https://randomuser.me/api/portraits/med/women/30.jpg,8412,2003-11-01T18:02:59.760Z,goldenwolf355
4d633d96-7db0-49be-9ba0-322898f99600,"2308 Kadetweg, Callantsoog, Noord-Brabant, Netherlands",geart.kelly@example.com,Geart,male,Kelly,(055) 1708979,https://randomuser.me/api/portraits/med/men/10.jpg,0271 XF,2020-06-24T07:42:52.014Z,redpanda203
3cb2a488-11bd-4e19-9d60-de7c7af550e5,"1100 Kolderups vei, Fannrem, Oppland, Norway",sahar.fonnes@example.com,Sahar,female,Fonnes,23599445,https://randomuser.me/api/portraits/med/women/93.jpg,4844,2005-11-27T21:15:41.780Z,organicgorilla971
e3f134a4-9971-41d1-a99b-2fccabd0aed6,"7146 Queen Street, Leicester, West Midlands, United Kingdom",robert.white@example.com,Robert,male,White,0112140 174 3070,https://randomuser.me/api/portraits/med/men/43.jpg,SC44 1XL,2010-11-02T19:09:33.188Z,bigfrog610
756293a5-f3ee-40fb-aff2-56cedb9db6b9,"9543 King St, Melbourne, Newfoundland and Labrador, Canada",amelia.ambrose@example.com,Amelia,female,Ambrose,H86 Z05-3232,https://randomuser.me/api/portraits/med/women/20.jpg,S7I 7V6,2016-01-25T20:16:55.580Z,bigswan257
d4c03010-94fa-4e19-a4fb-cf0b4fd30d84,"605 Akersborg terrasse, Namsos, Aust-Agder, Norway",leonard.ree@example.com,Leonard,male,Ree,57920708,https://randomuser.me/api/portraits/med/men/99.jpg,1961,2014-09-03T12:30:24.358Z,yellowkoala126
a64755b2-c75a-46e5-8fc1-8ef960b86fed,"9979 Brakkenpad, Dijken, Gelderland, Netherlands",chloe.debrouwer@example.com,Chloë,female,De Brouwer,(0407) 434811,https://randomuser.me/api/portraits/med/women/25.jpg,0348 PF,2007-08-11T15:02:02.539Z,orangesnake869
d99d5693-08c4-4230-aa2d-b0b76b3c5df8,"9032 Veita, Rafsbotn, Finnmark - Finnmárku, Norway",randi.eidissen@example.com,Randi,female,Eidissen,53878343,https://randomuser.me/api/portraits/med/women/61.jpg,3091,2005-08-04T10:57:06.551Z,blueduck117
f6074c81-0164-47da-9e71-00bfa69dc8a8,"2222 Breigata, Rødberg, Troms - Romsa, Norway",celin.bratberg@example.com,Celin,female,Bratberg,28524832,https://randomuser.me/api/portraits/med/women/34.jpg,4661,2009-02-18T21:43:33.925Z,bluegorilla949
6d59ec66-a7d7-447e-a2d0-58e29242f404,"2374 Tecumseh Rd, Southampton, Québec, Canada",anthony.pelletier@example.com,Anthony,male,Pelletier,Q30 M40-4266,https://randomuser.me/api/portraits/med/men/1.jpg,N0N 2A0,2003-10-07T12:21:47.117Z,bluezebra690
50730998-1329-454d-a0f4-ec6af1264ae6,"3370 Heijbocht, 's-Heer Arendskerke, Friesland, Netherlands",elian.hulscher@example.com,Elian,male,Hulscher,(033) 5414170,https://randomuser.me/api/portraits/med/men/60.jpg,5534 YO,2020-12-08T18:13:21.862Z,browngoose972
10ff8c5f-3825-4cc7-8366-8245b0aa2179,"7666 General Birchs gate, Austreim, Sør-Trøndelag, Norway",emilija.nystrand@example.com,Emilija,female,Nystrand,82502375,https://randomuser.me/api/portraits/med/women/13.jpg,2918,2003-12-29T14:13:55.165Z,brownzebra184
4c47efb3-fac9-4ead-b757-9d1ec84205ab,"2568 Bakkehaugveien, Blakstad, Nord-Trøndelag, Norway",august.bratvold@example.com,August,male,Bratvold,52240914,https://randomuser.me/api/portraits/med/men/34.jpg,8543,2009-07-15T02:30:19.750Z,blackgoose472
9516ec51-7735-42d9-bd31-1aa3626b4561,"9954 Dundas Rd, Windsor, Yukon, Canada",justin.harris@example.com,Justin,male,Harris,L90 C82-3701,https://randomuser.me/api/portraits/med/men/53.jpg,G9U 1F5,2003-01-06T05:49:42.354Z,happybear644
98edd065-d93d-43d2-89ef-5d0705f76f23,"6362 Ijsselaak, Eindhoven, Flevoland, Netherlands",teoman.voerman@example.com,Teoman,male,Voerman,(094) 0372361,https://randomuser.me/api/portraits/med/men/20.jpg,9234 NT,2012-06-11T16:11:18.555Z,tinydog973
7a303762-7661-4a17-9a3a-4c14957e3368,"1680 Eeuwigelaan, Hidaard, Noord-Holland, Netherlands",puja.viergever@example.com,Puja,female,Viergever,(0006) 322100,https://randomuser.me/api/portraits/med/women/25.jpg,7530 UT,2020-12-27T17:32:53.084Z,tinykoala555
c1df21c5-f057-4951-a1bf-d4d7549d17a8,"7275 15th St, Cumberland, Yukon, Canada",daniel.smith@example.com,Daniel,male,Smith,H10 S12-8484,https://randomuser.me/api/portraits/med/men/27.jpg,R4D 4W5,2011-02-06T20:01:24.645Z,lazysnake424
8ad22a13-ea6b-4960-9d70-5427eb2ccad9,"8864 Church Road, Leeds, Northamptonshire, United Kingdom",brooke.freeman@example.com,Brooke,female,Freeman,016977 1923,https://randomuser.me/api/portraits/med/women/71.jpg,H1 4FX,2014-06-16T16:25:07.441Z,whitebutterfly835
69b7d0fa-e855-46fb-bc89-d325225bee29,"7960 Victoria Road, Dundee, County Down, United Kingdom",nicole.lynch@example.com,Nicole,female,Lynch,015242 37023,https://randomuser.me/api/portraits/med/women/86.jpg,S14 3LN,2019-09-16T10:10:13.988Z,blueduck425
cc36fe68-914f-4812-829d-7f7b95564b4c,"8937 Tråkka, Maura, Vest-Agder, Norway",vincent.tysnes@example.com,Vincent,male,Tysnes,60067539,https://randomuser.me/api/portraits/med/men/72.jpg,4825,2017-04-25T17:55:59.784Z,organiclion289
2e7c705c-bd97-44ff-ae7e-38867bc4be97,"3638 Church Road, Stoke-on-Trent, Wiltshire, United Kingdom",donald.barnes@example.com,Donald,male,Barnes,016973 28606,https://randomuser.me/api/portraits/med/men/95.jpg,Y0 9JN,2014-01-31T21:46:43.970Z,lazygoose197
9765a7e4-ada9-4b27-87ac-ad5d211630e6,"4263 Victoria Street, Norwich, South Glamorgan, United Kingdom",julia.hayes@example.com,Julia,female,Hayes,017684 60819,https://randomuser.me/api/portraits/med/women/60.jpg,C41 9RF,2015-03-08T05:26:50.187Z,purplepeacock602
7686af58-519a-4ee8-8330-8f601d79cdb3,"671 Den Domp, Foxhol, Utrecht, Netherlands",hakima.dewaard@example.com,Hakima,female,De Waard,(098) 3787970,https://randomuser.me/api/portraits/med/women/90.jpg,1858 DR,2015-08-06T13:45:21.274Z,goldensnake266
a48f139c-97f4-460a-8343-2f6056fbfa6b,"5033 Sveiva, Sommarøy, Nord-Trøndelag, Norway",torstein.michalsen@example.com,Torstein,male,Michalsen,20649392,https://randomuser.me/api/portraits/med/men/7.jpg,1632,2018-06-30T20:57:08.337Z,angrygorilla252
613fcd24-dc34-4e36-9369-2428bc5099b8,"1798 Slemdalsvingen, Prestmoen, Aust-Agder, Norway",ingvild.ryland@example.com,Ingvild,female,Ryland,76749919,https://randomuser.me/api/portraits/med/women/16.jpg,5443,2007-09-16T22:24:19.926Z,sadostrich395
229e87e5-ec8f-4094-b8dc-dbde505764a9,"371 Coastal Highway, Trout Lake, Prince Edward Island, Canada",anthony.lavigne@example.com,Anthony,male,Lavigne,A08 Q25-1172,https://randomuser.me/api/portraits/med/men/32.jpg,P4W 7U5,2009-06-17T22:34:34.374Z,heavybutterfly765
03aa7f39-4f43-4828-85de-ecf2d5b523f3,"4062 New Road, Sunderland, East Sussex, United Kingdom",marvin.morgan@example.com,Marvin,male,Morgan,015396 44425,https://randomuser.me/api/portraits/med/men/10.jpg,EH8 0YE,2016-01-25T02:27:43.763Z,crazyzebra291
b0da1ffe-6187-4a8e-b899-d32d75d3c5df,"4361 36th Ave, Sutton, Manitoba, Canada",elliot.wong@example.com,Elliot,male,Wong,L54 Y99-4138,https://randomuser.me/api/portraits/med/men/27.jpg,Y2U 5Y6,2006-04-21T11:38:04.791Z,angrysnake449
da482381-2633-48cd-8961-2db682378cd0,"1711 Nåkkves vei, Li, Hordaland, Norway",john.alnes@example.com,John,male,Alnes,57729048,https://randomuser.me/api/portraits/med/men/80.jpg,6201,2006-07-11T18:14:03.861Z,greenswan365
c89db2be-8061-46a0-8d2b-6d4695fb9db9,"8899 Holenweg, Aerdt, Gelderland, Netherlands",charleen.geilen@example.com,Charleen,female,Geilen,(041) 7121158,https://randomuser.me/api/portraits/med/women/96.jpg,6855 UV,2007-11-16T08:18:57.592Z,greenpeacock930
313f9340-2613-49bb-a9dc-780081834546,"4983 School Lane, Salisbury, Greater Manchester, United Kingdom",ian.macrae@example.com,Ian,male,Macrae,01788 85175,https://randomuser.me/api/portraits/med/men/85.jpg,JU4D 2LE,2005-08-25T15:47:43.566Z,redsnake835
787f7a03-afd5-4980-b35e-e8e29604dfcd,"2764 3e Louise de Colignystraat, Doldersum, Zeeland, Netherlands",diego.roijakkers@example.com,Diego,male,Roijakkers,(0207) 294019,https://randomuser.me/api/portraits/med/men/55.jpg,6803 AJ,2013-12-07T02:42:34.469Z,goldenkoala191
cced29e7-3004-44ab-9ccd-be1a8ef7d089,"4831 Fabriciusstraat, Maasniel, Noord-Holland, Netherlands",tessie.woudstra@example.com,Tessie,female,Woudstra,(043) 9740015,https://randomuser.me/api/portraits/med/women/44.jpg,4854 BN,2019-11-25T13:44:17.242Z,whitedog347
69b1ec91-1617-4ec5-af8a-c4131450b1b5,"2427 36th Ave, Richmond, New Brunswick, Canada",marilou.williams@example.com,Marilou,female,Williams,F78 H26-6185,https://randomuser.me/api/portraits/med/women/65.jpg,S1E 6M7,2003-07-11T14:32:23.631Z,greenostrich395
a6a39b22-09d5-465a-8f10-b06cbe69dd7d,"3736 Park Lane, Lincoln, Dorset, United Kingdom",blake.davies@example.com,Blake,male,Davies,016973 71420,https://randomuser.me/api/portraits/med/men/3.jpg,S9G 3JS,2019-09-05T15:38:09.453Z,happybutterfly864
e1c48729-6c75-4cce-805a-eb3cfade37b1,"6789 Frogner plass, Minnesund, Troms - Romsa, Norway",ahmed.diesen@example.com,Ahmed,male,Diesen,37720106,https://randomuser.me/api/portraits/med/men/17.jpg,4503,2015-07-02T11:27:25.401Z,purplegoose524
7656cec7-5cc3-4705-bc7b-fafff29a6d97,"4114 College Ave, Hudson, Northwest Territories, Canada",ryan.denys@example.com,Ryan,male,Denys,E99 A24-3827,https://randomuser.me/api/portraits/med/men/18.jpg,Q4Y 2P1,2012-04-29T18:38:24.537Z,brownsnake607
8314ec29-8bb2-43ce-8357-0e83853366f7,"6757 Brummelstraat, Schipborg, Friesland, Netherlands",bahadir.bak@example.com,Bahadir,male,Bak,(0298) 704250,https://randomuser.me/api/portraits/med/men/1.jpg,4984 GN,2010-07-20T14:46:03.618Z,ticklishleopard779
486e0e00-0846-440d-9b1a-d339ea15156a,"4803 Jonkergouwstraat, Ittersum, Groningen, Netherlands",etienne.vliegen@example.com,Etiënne,male,Vliegen,(0827) 248639,https://randomuser.me/api/portraits/med/men/67.jpg,6577 SL,2021-09-14T04:46:17.183Z,happylion390
ba533e60-1f78-42bf-9e9e-800449008fbf,"5144 Maple Ave, Cadillac, Newfoundland and Labrador, Canada",benjamin.lam@example.com,Benjamin,male,Lam,A62 F76-9848,https://randomuser.me/api/portraits/med/men/12.jpg,C5H 6O5,2010-04-13T13:53:18.146Z,ticklishbird271
9aba7746-90c2-456b-b07a-66392c3e0f29,"948 Manor Road, Nottingham, Somerset, United Kingdom",benjamin.bowman@example.com,Benjamin,male,Bowman,013873 08548,https://randomuser.me/api/portraits/med/men/23.jpg,LV8H 9NP,2021-11-19T09:02:09.463Z,sadkoala324
bb42e16d-2476-4919-8f0f-353b78ba35a6,"4909 Gladengveien, Sogndalsfjøra, Troms - Romsa, Norway",karen.mandelid@example.com,Karen,female,Mandelid,74130610,https://randomuser.me/api/portraits/med/women/17.jpg,6702,2004-04-28T10:02:43.519Z,greenduck788
60e59df8-9ab8-4134-891b-035885ddf325,"1935 Station Road, Sunderland, Oxfordshire, United Kingdom",florence.ramos@example.com,Florence,female,Ramos,015395 12692,https://randomuser.me/api/portraits/med/women/33.jpg,OH50 6EL,2012-12-01T03:26:02.138Z,goldensnake450
980ba5ae-b98b-4e5c-acc8-e9d56fcb90e0,"7151 Brock Rd, Trout Lake, Saskatchewan, Canada",addison.mackay@example.com,Addison,female,Mackay,W33 U01-4641,https://randomuser.me/api/portraits/med/women/43.jpg,M2I 4I7,2006-02-02T18:47:21.026Z,redduck998
84596372-d376-4ff1-928c-afd4ef938e64,"8545 Charles St, Dorchester, Nova Scotia, Canada",alexander.gauthier@example.com,Alexander,male,Gauthier,W68 Y49-5011,https://randomuser.me/api/portraits/med/men/70.jpg,G1T 7N2,2013-04-18T10:06:30.603Z,angryostrich953
b6b341ff-d64d-46ff-b2ce-a83506e41d31,"6013 Oppsalveien, Ålgård, Troms - Romsa, Norway",rania.johnsrud@example.com,Rania,female,Johnsrud,27028599,https://randomuser.me/api/portraits/med/women/40.jpg,8733,2020-02-27T10:11:16.735Z,redsnake471
5f9532dd-acc8-40c4-884f-af43c6ed37f3,"855 North Road, City of London, Nottinghamshire, United Kingdom",earl.anderson@example.com,Earl,male,Anderson,016977 18477,https://randomuser.me/api/portraits/med/men/75.jpg,JZ9E 6HG,2018-05-19T11:58:13.982Z,blackzebra713
81ce8bbb-2162-4f59-8c2e-251e08b51c14,"9036 Berglyveien, Melhus, Buskerud, Norway",bilal.rosvold@example.com,Bilal,male,Rosvold,27258202,https://randomuser.me/api/portraits/med/men/88.jpg,5867,2019-01-23T23:03:28.676Z,tinybird815
cb1c90f1-94e4-42f9-bfd2-dd86e0f94151,"8127 Springfield Road, Carlisle, Cleveland, United Kingdom",rosalyn.hamilton@example.com,Rosalyn,female,Hamilton,0151 742 6620,https://randomuser.me/api/portraits/med/women/37.jpg,FD0G 6YB,2003-10-29T14:27:31.760Z,lazyduck683
e738326a-64f2-4047-94fd-195b82fb01e1,"2080 Park Avenue, Aberdeen, Gwynedd County, United Kingdom",dale.lowe@example.com,Dale,male,Lowe,016977 6576,https://randomuser.me/api/portraits/med/men/82.jpg,P8 4QW,2002-05-19T20:32:22.689Z,tinymeercat777
33362007-137a-48ba-a156-96eb69395f9e,"5361 Ørakerstien, Nærnes, Rogaland, Norway",alida.amini@example.com,Alida,female,Amini,67020738,https://randomuser.me/api/portraits/med/women/86.jpg,2805,2017-08-07T13:37:14.582Z,blueladybug391
ca315f0d-bf8d-4376-b2ed-94677dd2d65b,"9986 Queen St, Sandy Lake, Ontario, Canada",olivier.denys@example.com,Olivier,male,Denys,Z76 N41-1595,https://randomuser.me/api/portraits/med/men/92.jpg,X6C 1B0,2018-12-17T12:58:42.349Z,silverzebra560
dc9a19ca-4b87-440b-b7fb-311c3417646b,"4539 North Road, Leeds, Borders, United Kingdom",julio.franklin@example.com,Julio,male,Franklin,017684 14212,https://randomuser.me/api/portraits/med/men/93.jpg,XW5X 9FP,2009-01-29T11:44:47.470Z,redkoala511
4851fa4b-3cc8-42ef-80da-144f4e059a44,"2808 The Avenue, Bradford, Leicestershire, United Kingdom",brent.fleming@example.com,Brent,male,Fleming,01072 37581,https://randomuser.me/api/portraits/med/men/48.jpg,PG92 0HZ,2010-12-13T15:58:56.766Z,redrabbit391
96f45322-91a4-4152-9783-0aa56d16bcf4,"7585 Mill Road, Peterborough, Durham, United Kingdom",allan.hughes@example.com,Allan,male,Hughes,0131 970 4074,https://randomuser.me/api/portraits/med/men/28.jpg,MQ6O 1YL,2002-08-02T08:38:15.924Z,organiccat750
d9baf050-9a0e-44b5-a3b7-8d161cb586f8,"4658 Queens Road, Wells, West Yorkshire, United Kingdom",angel.mason@example.com,Angel,male,Mason,016973 59727,https://randomuser.me/api/portraits/med/men/27.jpg,HW35 0WS,2017-01-08T20:09:14.889Z,organicsnake563
af5cf0fe-bb87-4d2a-a3a2-3cd7903ff74c,"3313 Elgin St, Stratford, Nova Scotia, Canada",thomas.harcourt@example.com,Thomas,male,Harcourt,N81 W11-4172,https://randomuser.me/api/portraits/med/men/18.jpg,K4N 3B9,2007-04-20T15:20:45.987Z,sadsnake105
42d1665a-8ba9-45ce-9e10-f44e854bdbe7,"2967 North Road, Durham, Lothian, United Kingdom",grace.fisher@example.com,Grace,female,Fisher,019467 91088,https://randomuser.me/api/portraits/med/women/24.jpg,N4E 1QD,2015-12-11T12:31:22.103Z,happypanda980
3f08a4d4-7062-4c8f-a570-f92ba623042b,"286 Rundtjernveien, Gilja, Oslo, Norway",morten.engum@example.com,Morten,male,Engum,70167271,https://randomuser.me/api/portraits/med/men/67.jpg,1334,2003-06-03T03:45:00.332Z,ticklishpeacock211
f91bff31-e7ed-479c-a58b-d5dc4fd2057f,"8201 South Street, Worcester, Tayside, United Kingdom",eleanor.richardson@example.com,Eleanor,female,Richardson,0118086 393 0276,https://randomuser.me/api/portraits/med/women/2.jpg,B3 8WH,2017-03-27T10:21:13.203Z,greenkoala137
6909c67c-aca4-427c-965e-41435eb31643,"2329 North Road, Ripon, County Tyrone, United Kingdom",julia.rose@example.com,Julia,female,Rose,023 3679 8758,https://randomuser.me/api/portraits/med/women/90.jpg,D5 1GA,2008-02-08T15:53:40.319Z,goldenbear807
0c2c2e43-2f90-41c1-9aaa-09f077451c07,"3268 Kaagkade, Pietersbierum, Flevoland, Netherlands",tufan.leerdam@example.com,Tufan,male,Leerdam,(0218) 344878,https://randomuser.me/api/portraits/med/men/12.jpg,3516 GK,2015-12-02T16:36:21.296Z,tinybird450
91a793d6-4588-4d83-a27d-e308d8337ba8,"8267 Richmond Road, Bradford, Humberside, United Kingdom",janet.robertson@example.com,Janet,female,Robertson,021 6425 7871,https://randomuser.me/api/portraits/med/women/62.jpg,VL88 1PU,2021-09-13T14:35:22.490Z,beautifulbird385
decf3f13-f2bf-41ec-a3ee-dc2463b2f891,"7999 Risløkkfaret, Jørstadmoen, Oppland, Norway",karen.magnusson@example.com,Karen,female,Magnusson,34686208,https://randomuser.me/api/portraits/med/women/21.jpg,4804,2002-10-08T18:03:34.781Z,bigelephant326
de27b6ef-8c36-4b9f-91d8-eefdaf20be2a,"8432 Vollebekkveien, Sokna, Vestfold, Norway",haakon.flaten@example.com,Haakon,male,Flaten,50526607,https://randomuser.me/api/portraits/med/men/94.jpg,3893,2021-06-23T21:08:32.335Z,brownlion233
2201f397-2b30-449b-ab94-e23a77d038ac,"3652 The Grove, Belfast, Avon, United Kingdom",izzie.mccoy@example.com,Izzie,female,Mccoy,0181 538 2124,https://randomuser.me/api/portraits/med/women/20.jpg,N2L 3ZT,2016-04-09T07:45:21.159Z,orangelion231
24233b90-514d-4c7e-be6f-f770232920df,"8238 Åsbakken, Forsøl, Finnmark - Finnmárku, Norway",jacob.havn@example.com,Jacob,male,Havn,39303755,https://randomuser.me/api/portraits/med/men/92.jpg,9152,2006-05-29T06:37:55.857Z,crazyfish785
41027039-ca2d-4fd0-84a7-3210d254d0fb,"4590 Skøyenåsveien, Skotselv, Rogaland, Norway",lotte.brunstad@example.com,Lotte,female,Brunstad,36211996,https://randomuser.me/api/portraits/med/women/31.jpg,3076,2011-10-24T18:39:17.326Z,angryduck199
34acc483-5678-4c11-8138-9fc4c2924494,"8127 Bertramjordet, Nypan, Nord-Trøndelag, Norway",stein.vikan@example.com,Stein,male,Vikan,80854460,https://randomuser.me/api/portraits/med/men/62.jpg,0684,2013-06-09T02:51:32.103Z,browntiger124
e77207de-cbfa-4a3a-bab0-73b5e8cb44ff,"6759 Vimy St, Field, Northwest Territories, Canada",lucas.taylor@example.com,Lucas,male,Taylor,M33 V28-9168,https://randomuser.me/api/portraits/med/men/21.jpg,O4Q 4D5,2004-10-12T19:58:29.953Z,purpleladybug262
fcce50b8-041f-4f79-9595-2a74cde6ba10,"6269 Peel St, Grand Falls, Saskatchewan, Canada",alexander.chan@example.com,Alexander,male,Chan,M53 M66-7585,https://randomuser.me/api/portraits/med/men/97.jpg,R2E 5Q1,2015-09-09T08:24:29.442Z,smallmouse592
995bb3f8-3a81-40ee-934f-ff6659a7962a,"2081 3rd St, Radisson, Northwest Territories, Canada",justin.slawa@example.com,Justin,male,Slawa,L10 B20-1572,https://randomuser.me/api/portraits/med/men/32.jpg,K1T 3A4,2021-02-03T01:51:01.083Z,happyduck952
b281385b-2224-4e5e-ae6e-4ef8fbae4130,"670 Argyle St, Chipman, New Brunswick, Canada",matthew.patel@example.com,Matthew,male,Patel,T46 Z95-2920,https://randomuser.me/api/portraits/med/men/52.jpg,A2M 7M8,2021-12-29T15:57:13.881Z,bigtiger184
969929c6-2cd8-492b-9def-41ae32dcb514,"771 Veita, Åkrehamn, Sør-Trøndelag, Norway",jacob.hartvigsen@example.com,Jacob,male,Hartvigsen,89557146,https://randomuser.me/api/portraits/med/men/48.jpg,3789,2007-01-17T12:10:32.012Z,brownkoala218
d9d4293f-9a54-4f61-92c6-4aa636c3eaec,"8580 St. Catherine St, St. Antoine, Newfoundland and Labrador, Canada",alice.anderson@example.com,Alice,female,Anderson,G48 Y69-6564,https://randomuser.me/api/portraits/med/women/90.jpg,Q5Y 3G4,2006-04-22T10:47:23.894Z,tinyduck116
adeb11e6-6103-4974-b20b-9f035ca3b210,"1838 Albert Road, Salisbury, Gwent, United Kingdom",diana.ramos@example.com,Diana,female,Ramos,01556 536317,https://randomuser.me/api/portraits/med/women/96.jpg,S7W 6RR,2007-10-05T01:01:47.471Z,angrycat954
87774c4d-9937-412a-bae7-33d75342194e,"4109 Argyle St, Campbellton, Manitoba, Canada",victor.campbell@example.com,Victor,male,Campbell,S06 P58-8133,https://randomuser.me/api/portraits/med/men/76.jpg,X0B 7J6,2020-09-09T19:10:08.674Z,yellowkoala698
4a2b31e6-79bb-437b-8bc9-ac025623fe2a,"582 The Avenue, Stoke-on-Trent, Gloucestershire, United Kingdom",caroline.may@example.com,Caroline,female,May,016977 37302,https://randomuser.me/api/portraits/med/women/44.jpg,Q6N 5AF,2015-05-05T16:05:59.695Z,goldenduck865
378757a8-ca49-4842-8cc3-2aa9bebf2872,"5600 North Road, Birmingham, Berkshire, United Kingdom",phoebe.franklin@example.com,Phoebe,female,Franklin,016974 20381,https://randomuser.me/api/portraits/med/women/24.jpg,I6 0BF,2014-03-13T08:27:05.010Z,orangepanda597
8eef585e-22e7-4a65-be5c-f1435c77c921,"1118 Løvsetdalen, Kroksund, Hedmark, Norway",vilja.weberg@example.com,Vilja,female,Weberg,54570276,https://randomuser.me/api/portraits/med/women/57.jpg,5749,2021-01-14T11:10:00.449Z,orangewolf234
1c0d564f-961b-4a7a-b4fd-f780138fd781,"3121 Thorleif Haugs vei, Skånevik, Nordland, Norway",tristan.bodin@example.com,Tristan,male,Bodin,65366901,https://randomuser.me/api/portraits/med/men/89.jpg,8316,2021-03-05T19:53:51.995Z,goldenzebra221
80406859-661b-4308-9e31-648a319a0a2a,"1151 Valdresgata, Fossbergom, Oslo, Norway",are.li@example.com,Are,male,Li,25361572,https://randomuser.me/api/portraits/med/men/47.jpg,8311,2006-11-24T07:24:04.355Z,happyleopard164
faf5b239-c799-4ed1-bfce-6ed54d8fb7f0,"5069 Hopgaarde, Grootschermer, Limburg, Netherlands",saranda.leentvaar@example.com,Saranda,female,Leentvaar,(0978) 803348,https://randomuser.me/api/portraits/med/women/90.jpg,0311 CL,2004-02-12T19:52:49.332Z,blackwolf618
bb14b4c1-f850-4be9-a567-7003a3d2b097,"6208 Oppsalveien, Lysthaugen, Sogn og Fjordane, Norway",bartosz.nordland@example.com,Bartosz,male,Nordland,57766116,https://randomuser.me/api/portraits/med/men/47.jpg,1911,2009-10-15T22:43:55.125Z,crazysnake664
